time (months),crack length (arbitary unit)
0,0.0044717299384918
1,0.0324779994711694
2,0.025596836707338
3,-0.0450708776685769
4,0.0686701426024003
5,-0.0424872432665322
6,0.0417157913864957
7,-0.1019260543624336
8,0.0647596698063436
9,0.0751616341423632
10,0.0442728287265923
11,0.1529136321291143
