time (months),crack length (arbitary unit)
0,0.012480539621415
1,0.0551718692021993
2,-0.0528969103500406
3,0.0452285081315801
4,0.0684091625407273
5,0.0215961480049488
6,0.048159606669975
7,0.1198157944110857
8,0.0759371852931589
9,0.0176857831578888
10,0.053080365273662
11,-0.0212367718957224
12,0.0949712309749057
13,0.0846736473391267
