time (months),crack length (arbitary unit)
0,0.0033520551380543
1,0.0390582223760173
2,0.006624296135335
3,-0.0256161862960063
4,-0.010086677987046
5,0.0143402127979439
6,0.046464215871656
7,-0.026425774376174
8,0.0020382302712845
9,0.0151478818878089
10,-0.0046598423747669
