time (months),crack length (arbitary unit)
0,0.0078861348314152
1,0.0449962580101769
2,0.0510295699158985
3,0.044969031897153
4,0.01095534646774
5,0.0207440954917659
6,0.0143786265698674
7,-0.0425648487825387
8,0.0047035607957547
9,0.0622360171103519
10,0.0314193602287837
