time (months),crack length (arbitary unit)
0,0.0040890918602878
1,0.1057824630724805
2,-0.046938985373411
3,0.0757547425025342
4,-0.0003031493312331
5,0.0712524570132116
6,-0.0335209171294041
7,0.0263681369319321
8,0.0335008575337314
9,0.0385623474102399
10,-0.1094478270048925
11,0.1163810283857382
12,0.0577632898232772
13,0.0549370993806635
14,0.0873020663385983
15,0.0163487093202393
