time (months),crack length (arbitary unit),rul (months)
0,0.012480539621415,35
1,0.0551718692021993,34
2,-0.0528969103500406,33
3,0.0452285081315801,32
4,0.0684091625407273,31
5,0.0215961480049488,30
6,0.048159606669975,29
7,0.1198157944110857,28
8,0.0759371852931589,27
9,0.0176857831578888,26
10,0.053080365273662,25
11,-0.0212367718957224,24
12,0.0949712309749057,23
13,0.0846736473391267,22
