time (months),crack length (arbitary unit),rul (months)
0,0.0023773163433308,48
1,-0.0121845491705897,47
2,0.0890535486882544,46
