time (months),crack length (arbitary unit),rul (months)
0,0.002397047458514,42
1,0.0111493084837926,41
2,0.0798634884319636,40
