time (months),crack length (arbitary unit),rul (months)
0,0.0033520551380543,46
1,0.0390582223760173,45
2,0.006624296135335,44
3,-0.0256161862960063,43
4,-0.010086677987046,42
5,0.0143402127979439,41
6,0.046464215871656,40
7,-0.026425774376174,39
8,0.0020382302712845,38
9,0.0151478818878089,37
10,-0.0046598423747669,36
