time (months),crack length (arbitary unit),rul (months)
0,0.0078861348314152,32
1,0.0449962580101769,31
2,0.0510295699158985,30
3,0.044969031897153,29
4,0.01095534646774,28
5,0.0207440954917659,27
6,0.0143786265698674,26
7,-0.0425648487825387,25
8,0.0047035607957547,24
9,0.0622360171103519,23
10,0.0314193602287837,22
