time (months),crack length (arbitary unit),rul (months)
0,0.0044717299384918,42
1,0.0324779994711694,41
2,0.025596836707338,40
3,-0.0450708776685769,39
4,0.0686701426024003,38
5,-0.0424872432665322,37
6,0.0417157913864957,36
7,-0.1019260543624336,35
8,0.0647596698063436,34
9,0.0751616341423632,33
10,0.0442728287265923,32
11,0.1529136321291143,31
