time (months),crack length (arbitary unit),rul (months)
0,0.0040890918602878,48
1,0.1057824630724805,47
2,-0.046938985373411,46
3,0.0757547425025342,45
4,-0.0003031493312331,44
5,0.0712524570132116,43
6,-0.0335209171294041,42
7,0.0263681369319321,41
8,0.0335008575337314,40
9,0.0385623474102399,39
10,-0.1094478270048925,38
11,0.1163810283857382,37
12,0.0577632898232772,36
13,0.0549370993806635,35
14,0.0873020663385983,34
15,0.0163487093202393,33
